Src Port,Dst Port,Protocol,Flow Duration,Total Fwd Packet,Total Bwd packets,Total Length of Fwd Packet,Total Length of Bwd Packet,Fwd Packet Length Max,Fwd Packet Length Min,Fwd Packet Length Mean,Fwd Packet Length Std,Bwd Packet Length Max,Bwd Packet Length Min,Bwd Packet Length Mean,Bwd Packet Length Std,Flow Bytes/s,Flow Packets/s,Flow IAT Mean,Flow IAT Std,Flow IAT Max,Flow IAT Min,Fwd IAT Total,Fwd IAT Mean,Fwd IAT Std,Fwd IAT Max,Fwd IAT Min,Bwd IAT Total,Bwd IAT Mean,Bwd IAT Std,Bwd IAT Max,Bwd IAT Min,Fwd PSH Flags,Bwd PSH Flags,Fwd URG Flags,Bwd URG Flags,Fwd Header Length,Bwd Header Length,Fwd Packets/s,Bwd Packets/s,Packet Length Min,Packet Length Max,Packet Length Mean,Packet Length Std,Packet Length Variance,FIN Flag Count,SYN Flag Count,RST Flag Count,PSH Flag Count,ACK Flag Count,URG Flag Count,CWE Flag Count,ECE Flag Count,Down/Up Ratio,Average Packet Size,Fwd Segment Size Avg,Bwd Segment Size Avg,Fwd Bytes/Bulk Avg,Fwd Packet/Bulk Avg,Fwd Bulk Rate Avg,Bwd Bytes/Bulk Avg,Bwd Packet/Bulk Avg,Bwd Bulk Rate Avg,Subflow Fwd Packets,Subflow Fwd Bytes,Subflow Bwd Packets,Subflow Bwd Bytes,FWD Init Win Bytes,Bwd Init Win Bytes,Fwd Act Data Pkts,Fwd Seg Size Min,Active Mean,Active Std,Active Max,Active Min,Idle Mean,Idle Std,Idle Max,Idle Min,KeyBrowser,MediaType,Encryption,hour,Src IP,Dst IP
57158,443,6,229.0,1.0,1.0,0.0,0.0,0.0,0.0,0.0,0.0,0.0,0.0,0.0,0.0,0.0,8733.624454,229.0,0.0,229.0,229.0,0.0,0.0,0.0,0.0,0.0,0.0,0.0,0.0,0.0,0.0,0.0,0.0,0.0,0.0,20.0,20.0,4366.81201171875,4366.81201171875,0.0,0.0,0.0,0.0,0.0,2.0,0.0,0.0,0.0,2.0,0.0,0.0,0.0,1.0,0.0,0.0,0.0,0.0,0.0,0.0,0.0,0.0,0.0,0.0,0.0,0.0,0.0,1892.0,1047.0,0.0,20.0,0,0,0,0,0.0,0.0,0.0,0.0,Non-Tor,Audio-Streaming,Standard,4,177772555,3627736163
57159,443,6,407.0,1.0,1.0,0.0,0.0,0.0,0.0,0.0,0.0,0.0,0.0,0.0,0.0,0.0,4914.004914,407.0,0.0,407.0,407.0,0.0,0.0,0.0,0.0,0.0,0.0,0.0,0.0,0.0,0.0,0.0,0.0,0.0,0.0,20.0,20.0,2457.00244140625,2457.00244140625,0.0,0.0,0.0,0.0,0.0,2.0,0.0,0.0,0.0,2.0,0.0,0.0,0.0,1.0,0.0,0.0,0.0,0.0,0.0,0.0,0.0,0.0,0.0,0.0,0.0,0.0,0.0,1987.0,1047.0,0.0,20.0,0,0,0,0,0.0,0.0,0.0,0.0,Non-Tor,Audio-Streaming,Standard,4,177772555,3627736163
57160,443,6,431.0,1.0,1.0,0.0,0.0,0.0,0.0,0.0,0.0,0.0,0.0,0.0,0.0,0.0,4640.37123,431.0,0.0,431.0,431.0,0.0,0.0,0.0,0.0,0.0,0.0,0.0,0.0,0.0,0.0,0.0,0.0,0.0,0.0,20.0,20.0,2320.185546875,2320.185546875,0.0,0.0,0.0,0.0,0.0,2.0,0.0,0.0,0.0,2.0,0.0,0.0,0.0,1.0,0.0,0.0,0.0,0.0,0.0,0.0,0.0,0.0,0.0,0.0,0.0,0.0,0.0,2049.0,1047.0,0.0,20.0,0,0,0,0,0.0,0.0,0.0,0.0,Non-Tor,Audio-Streaming,Standard,4,177772555,3627736163
49134,443,6,359.0,1.0,1.0,0.0,0.0,0.0,0.0,0.0,0.0,0.0,0.0,0.0,0.0,0.0,5571.030641,359.0,0.0,359.0,359.0,0.0,0.0,0.0,0.0,0.0,0.0,0.0,0.0,0.0,0.0,0.0,0.0,0.0,0.0,20.0,20.0,2785.515380859375,2785.515380859375,0.0,0.0,0.0,0.0,0.0,2.0,0.0,0.0,0.0,2.0,0.0,0.0,0.0,1.0,0.0,0.0,0.0,0.0,0.0,0.0,0.0,0.0,0.0,0.0,0.0,0.0,0.0,2008.0,1047.0,0.0,20.0,0,0,0,0,0.0,0.0,0.0,0.0,Non-Tor,Audio-Streaming,Standard,4,177772555,1249740920
34697,19305,6,10778451.0,591.0,400.0,64530.0,6659.0,131.0,0.0,109.1875,22.28125,498.0,0.0,16.640625,46.84375,6604.75239,91.94271051,10887.32421875,11412.466796875,78158.0,13.0,10778451.0,18268.560546875,11786.1435546875,81171.0,126.0,10747836.0,26936.931640625,15897.73828125,78158.0,307.0,1.0,0.0,0.0,0.0,11820.0,8000.0,54.831626892089844,37.111083984375,0.0,498.0,71.875,56.9375,3241.76171875,1.0,0.0,0.0,659.0,991.0,0.0,0.0,0.0,0.0,71.9375,109.1875,16.640625,0.0,0.0,0.0,0.0,659.0,6605.0,0.0,65.0,0.0,6.0,1382.0,2320.0,581.0,20.0,0,0,0,0,1437760000000000.0,3117718.2,1437760000000000.0,1437760000000000.0,Non-Tor,Audio-Streaming,Standard,4,177772555,2915189119
54570,443,6,421362.0,5.0,3.0,72.0,79.0,72.0,0.0,14.3984375,32.1875,79.0,0.0,26.328125,45.625,358.3616937,18.98605,60194.5703125,157282.828125,416869.0,13.0,421362.0,105340.5,207813.046875,417054.0,190.0,417945.0,208972.5,294010.0625,416869.0,1076.0,0.0,0.0,0.0,0.0,112.0,72.0,11.866281509399414,7.1197686195373535,0.0,79.0,16.78125,33.34375,1111.4444580078125,1.0,2.0,0.0,2.0,7.0,0.0,0.0,0.0,0.0,18.875,14.3984375,26.328125,0.0,0.0,0.0,0.0,0.0,0.0,0.0,9.0,0.0,9.0,14600.0,913.0,1.0,20.0,0,0,0,0,1437770000000000.0,186611.08,1437770000000000.0,1437770000000000.0,Non-Tor,Audio-Streaming,Standard,4,177772555,2915189119
443,56254,6,119682119.0,488.0,487.0,89259.0,314105.0,1460.0,0.0,182.875,360.0,1460.0,0.0,645.0,647.0,3370.294605,8.146580359,122876.921875,822593.375,13485507.0,2.0,119642787.0,245673.078125,1151351.5,13485507.0,5.0,119028043.0,244913.671875,1155468.75,13522678.0,18.0,0.0,0.0,0.0,0.0,9760.0,9740.0,4.077467918395996,4.069112300872803,0.0,1460.0,413.25,572.0,326986.09375,0.0,0.0,0.0,403.0,975.0,0.0,0.0,0.0,0.0,413.75,182.875,645.0,0.0,0.0,0.0,0.0,44.0,9225.0,0.0,91.0,0.0,322.0,12108.0,9520.0,209.0,20.0,0,0,0,0,1437770000000000.0,31846302.0,1437770000000000.0,1437760000000000.0,Non-Tor,Audio-Streaming,Standard,4,2915180897,177772555
57361,443,6,116996934.0,369.0,378.0,208796.0,34340.0,1460.0,0.0,566.0,599.0,1460.0,0.0,90.875,181.0,2078.139928,6.384782699,156832.34375,733142.125,7800200.0,5.0,116996398.0,317925.0,1022458.75,7800456.0,31.0,116996466.0,310335.46875,1008875.875,7800557.0,7.0,0.0,0.0,0.0,0.0,7380.0,7560.0,3.153928756713867,3.230853796005249,0.0,1460.0,327.0,501.25,251357.40625,0.0,0.0,0.0,307.0,747.0,0.0,0.0,0.0,1.0,327.5,566.0,90.875,0.0,0.0,0.0,0.0,25.0,4949.0,0.0,279.0,0.0,45.0,21142.0,8323.0,268.0,20.0,0,0,0,0,1440000000000000.0,36170280.0,1437770000000000.0,1437760000000000.0,Non-Tor,Audio-Streaming,Standard,4,177772555,3627735182
443,44097,6,100279453.0,61.0,60.0,14526.0,17870.0,996.0,0.0,238.125,324.75,1460.0,0.0,297.75,479.25,323.0572069,1.206628042,835662.125,4003838.75,29069708.0,7.0,100279453.0,1671324.25,5562102.5,29069708.0,12.0,100240150.0,1698985.625,5612873.0,29109291.0,30.0,1.0,0.0,0.0,0.0,1220.0,1200.0,0.6083000898361206,0.5983279347419739,0.0,1460.0,269.5,407.0,165580.5,0.0,0.0,0.0,54.0,121.0,0.0,0.0,0.0,0.0,271.75,238.125,297.75,0.0,0.0,0.0,0.0,11.0,4300.0,0.0,120.0,0.0,147.0,2640.0,3346.0,31.0,20.0,0,0,0,0,1437770000000000.0,33277896.0,1437770000000000.0,1437760000000000.0,Non-Tor,Audio-Streaming,Standard,4,1249713341,177772555
34702,19305,6,119962833.0,3638.0,3157.0,254101.0,488658.0,190.0,0.0,69.875,53.9375,1460.0,0.0,154.75,214.875,6191.576019,56.64254361,17657.173828125,18742.9140625,151388.0,9.0,119962833.0,32984.0078125,24023.01171875,151768.0,87.0,119940995.0,38004.1171875,24494.275390625,161775.0,61.0,0.0,0.0,0.0,0.0,72772.0,63152.0,30.326059341430664,26.316484451293945,0.0,1460.0,109.3125,157.5,24810.529296875,0.0,2.0,0.0,4425.0,6794.0,0.0,0.0,0.0,0.0,109.3125,69.875,154.75,0.0,0.0,0.0,0.0,4427.0,6193.0,0.0,37.0,0.0,71.0,14600.0,5292.0,2775.0,20.0,0,0,0,0,1437770000000000.0,32982542.0,1437770000000000.0,1437770000000000.0,Non-Tor,Audio-Streaming,Standard,4,177772555,2915189119
49132,443,6,90513641.0,32.0,41.0,3369.0,21725.0,261.0,0.0,105.25,110.5625,1460.0,0.0,530.0,619.0,277.2399798,0.80650827,1257133.875,7451707.5,45055648.0,5.0,90513169.0,2919779.75,11242855.0,45056049.0,276.0,90513350.0,2262833.75,9937670.0,45056120.0,5.0,1.0,0.0,0.0,0.0,640.0,820.0,0.3535378575325012,0.45297038555145264,0.0,1460.0,342.75,509.5,259583.078125,0.0,0.0,0.0,34.0,73.0,0.0,0.0,0.0,1.0,347.25,105.25,530.0,0.0,0.0,0.0,0.0,45.0,56568.0,0.0,46.0,0.0,297.0,2640.0,1918.0,20.0,20.0,0,0,0,0,1437760000000000.0,12970218.0,1437770000000000.0,1437760000000000.0,Non-Tor,Audio-Streaming,Standard,4,177772555,1249740920
34481,443,6,106135081.0,30.0,30.0,22289.0,680.0,1460.0,0.0,743.0,684.5,186.0,0.0,22.671875,46.09375,216.4128937,0.565317324,1798899.625,8368478.5,45039110.0,13.0,106134649.0,3659815.5,11748066.0,45039483.0,49.0,106134727.0,3659818.25,11747976.0,45039328.0,13.0,0.0,0.0,0.0,0.0,600.0,600.0,0.2826586663722992,0.2826586663722992,0.0,1460.0,400.5,613.5,376204.28125,0.0,0.0,0.0,20.0,60.0,0.0,0.0,0.0,1.0,407.25,743.0,22.671875,0.0,0.0,0.0,0.0,14.0,11207.0,0.0,371.0,0.0,11.0,2640.0,2970.0,20.0,20.0,0,0,0,0,1437770000000000.0,31153376.0,1437770000000000.0,1437770000000000.0,Non-Tor,Audio-Streaming,Standard,4,177772555,2915180905
50953,5228,6,90112487.0,3.0,3.0,0.0,0.0,0.0,0.0,0.0,0.0,0.0,0.0,0.0,0.0,0.0,0.066583447,18022498.0,24677726.0,45055666.0,392.0,90112018.0,45056008.0,69.29646301269531,45056058.0,45055960.0,90112045.0,45056024.0,159.09902954101562,45056135.0,45055910.0,0.0,0.0,0.0,0.0,60.0,60.0,0.03329172357916832,0.03329172357916832,0.0,0.0,0.0,0.0,0.0,0.0,0.0,0.0,0.0,6.0,0.0,0.0,0.0,1.0,0.0,0.0,0.0,0.0,0.0,0.0,0.0,0.0,0.0,0.0,0.0,0.0,0.0,2373.0,1315.0,0.0,20.0,0,0,0,0,1437770000000000.0,36787576.0,1437770000000000.0,1437760000000000.0,Non-Tor,Audio-Streaming,Standard,4,177772555,1249740988
41313,443,6,86022308.0,9.0,9.0,2879.0,1060.0,1460.0,0.0,320.0,598.0,498.0,0.0,117.75,215.375,45.79044775,0.209248048,5060136.0,14121174.0,45055326.0,16.0,86021950.0,10752744.0,19643166.0,45055941.0,45.0,86021693.0,10752712.0,19642968.0,45055851.0,16.0,0.0,0.0,0.0,0.0,180.0,180.0,0.10462402552366257,0.10462402552366257,0.0,1460.0,207.375,438.5,192293.34375,0.0,0.0,0.0,6.0,18.0,0.0,0.0,0.0,1.0,218.875,320.0,117.75,0.0,0.0,0.0,0.0,7.0,3848.0,0.0,159.0,0.0,58.0,14626.0,5386.0,4.0,20.0,0,0,0,0,1437770000000000.0,24283926.0,1437770000000000.0,1437770000000000.0,Non-Tor,Audio-Streaming,Standard,4,177772555,2915180918
41995,443,6,101242010.0,18.0,18.0,1490.0,3970.0,485.0,0.0,82.75,126.1875,1213.0,0.0,220.5,355.75,53.93018175,0.355583616,2892628.75,10611581.0,45120787.0,17.0,101241749.0,5955397.0,14829529.0,45121069.0,638.0,101241815.0,5955401.0,14829390.0,45121048.0,598.0,1.0,0.0,0.0,0.0,360.0,360.0,0.1777918040752411,0.1777918040752411,0.0,1213.0,149.875,268.5,72123.953125,0.0,0.0,0.0,16.0,36.0,0.0,0.0,0.0,1.0,154.0,82.75,220.5,0.0,0.0,0.0,0.0,5.0,3867.0,0.0,41.0,0.0,110.0,1892.0,1248.0,9.0,20.0,0,0,0,0,1437770000000000.0,20716782.0,1437770000000000.0,1437760000000000.0,Non-Tor,Audio-Streaming,Standard,4,177772555,1249740932
57157,443,6,104050917.0,27.0,32.0,5119.0,1751.0,693.0,0.0,189.625,239.125,207.0,0.0,54.71875,80.3125,66.02536718,0.567030082,1793981.375,7175783.5,45045224.0,14.0,104050582.0,4001945.5,10402820.0,45045533.0,320.0,104050660.0,3356473.0,9616919.0,45045559.0,217.0,1.0,0.0,0.0,0.0,540.0,640.0,0.2594883441925049,0.30754172801971436,0.0,693.0,126.0625,196.5,38630.48828125,0.0,0.0,0.0,31.0,59.0,0.0,0.0,0.0,1.0,128.125,189.625,54.71875,0.0,0.0,0.0,0.0,7.0,1306.0,0.0,86.0,0.0,29.0,2640.0,2598.0,18.0,20.0,0,0,0,0,1437770000000000.0,25545710.0,1437770000000000.0,1437760000000000.0,Non-Tor,Audio-Streaming,Standard,4,177772555,3627736163
45258,443,6,90586766.0,6.0,7.0,383.0,324.0,245.0,0.0,63.84375,95.0,255.0,0.0,46.28125,95.5625,7.804672042,0.143508821,7548897.0,17511414.0,45055570.0,165.0,90586197.0,18117240.0,24575652.0,45056003.0,726.0,90586276.0,15097713.0,23206874.0,45057901.0,401.0,1.0,0.0,0.0,0.0,120.0,140.0,0.06623484194278717,0.07727397978305817,0.0,255.0,68.0,101.75,10355.5380859375,0.0,0.0,0.0,5.0,13.0,0.0,0.0,0.0,1.0,73.25,63.84375,46.28125,0.0,0.0,0.0,0.0,5.0,1495.0,0.0,29.0,0.0,24.0,2257.0,1204.0,2.0,20.0,0,0,0,0,1437770000000000.0,30456672.0,1437770000000000.0,1437770000000000.0,Non-Tor,Audio-Streaming,Standard,4,177772555,2915189141
47874,443,6,90104287.0,3.0,3.0,0.0,0.0,0.0,0.0,0.0,0.0,0.0,0.0,0.0,0.0,0.0,0.066589506,18020858.0,24675570.0,45055618.0,265.0,90104022.0,45052012.0,5631.3984375,45055993.0,45048029.0,90103819.0,45051908.0,5619.37744140625,45055883.0,45047936.0,0.0,0.0,0.0,0.0,60.0,60.0,0.03329475224018097,0.03329475224018097,0.0,0.0,0.0,0.0,0.0,0.0,0.0,0.0,0.0,6.0,0.0,0.0,0.0,1.0,0.0,0.0,0.0,0.0,0.0,0.0,0.0,0.0,0.0,0.0,0.0,0.0,0.0,2075.0,1114.0,0.0,20.0,0,0,0,0,1437770000000000.0,36784316.0,1437770000000000.0,1437770000000000.0,Non-Tor,Audio-Streaming,Standard,4,177772555,2915189094
47698,443,6,90112415.0,3.0,3.0,0.0,0.0,0.0,0.0,0.0,0.0,0.0,0.0,0.0,0.0,0.0,0.0665835,18022484.0,24677764.0,45055623.0,348.0,90112003.0,45056000.0,57.27565002441406,45056042.0,45055961.0,90111996.0,45056000.0,38.18376541137695,45056025.0,45055971.0,0.0,0.0,0.0,0.0,60.0,60.0,0.03329174965620041,0.03329174965620041,0.0,0.0,0.0,0.0,0.0,0.0,0.0,0.0,0.0,6.0,0.0,0.0,0.0,1.0,0.0,0.0,0.0,0.0,0.0,0.0,0.0,0.0,0.0,0.0,0.0,0.0,0.0,2640.0,1959.0,0.0,20.0,0,0,0,0,1437770000000000.0,36787616.0,1437770000000000.0,1437770000000000.0,Non-Tor,Audio-Streaming,Standard,4,177772555,2915189093
57468,443,6,104202473.0,40.0,50.0,13968.0,23958.0,1460.0,0.0,349.25,561.5,1460.0,0.0,479.25,588.0,363.9644906,0.86370311,1170814.25,6805569.0,45055689.0,9.0,104202170.0,2671850.5,10156041.0,45056027.0,42.0,104202026.0,2126572.0,9101591.0,45055992.0,9.0,1.0,0.0,0.0,0.0,800.0,1000.0,0.3838680386543274,0.47983506321907043,0.0,1460.0,420.25,574.0,329388.59375,0.0,0.0,0.0,33.0,90.0,0.0,0.0,0.0,1.0,424.75,349.25,479.25,0.0,0.0,0.0,0.0,24.0,16464.0,0.0,155.0,0.0,266.0,2640.0,2640.0,20.0,20.0,0,0,0,0,1437770000000000.0,14268148.0,1437770000000000.0,1437760000000000.0,Non-Tor,Audio-Streaming,Standard,4,177772555,2915189130
57457,443,6,90176018.0,3.0,3.0,0.0,0.0,0.0,0.0,0.0,0.0,0.0,0.0,0.0,0.0,0.0,0.066536538,18035204.0,24695156.0,45119089.0,353.0,90175602.0,45087800.0,44936.63671875,45119576.0,45056026.0,90175531.0,45087764.0,44797.3359375,45119442.0,45056089.0,0.0,0.0,0.0,0.0,60.0,60.0,0.033268269151449203,0.033268269151449203,0.0,0.0,0.0,0.0,0.0,0.0,0.0,0.0,0.0,6.0,0.0,0.0,0.0,1.0,0.0,0.0,0.0,0.0,0.0,0.0,0.0,0.0,0.0,0.0,0.0,0.0,0.0,1181.0,2142.0,0.0,20.0,0,0,0,0,1437770000000000.0,36813550.0,1437770000000000.0,1437770000000000.0,Non-Tor,Audio-Streaming,Standard,4,177772555,2915189130
47874,443,6,59904266.0,2.0,4.0,0.0,154.0,0.0,0.0,0.0,0.0,154.0,0.0,38.5,77.0,2.570768499,0.100159812,11980853.0,19575354.0,45055748.0,77.0,45056024.0,45056024.0,0.0,45056024.0,45056024.0,59903990.0,19967996.0,22960168.0,45055961.0,77.0,0.0,0.0,0.0,0.0,40.0,80.0,0.033386602997779846,0.06677320599555969,0.0,154.0,22.0,58.21875,3388.0,1.0,0.0,0.0,1.0,6.0,0.0,0.0,0.0,2.0,25.671875,0.0,38.5,0.0,0.0,0.0,0.0,0.0,0.0,0.0,0.0,0.0,25.0,2075.0,1114.0,0.0,20.0,0,0,0,0,1437770000000000.0,31195282.0,1437770000000000.0,1437770000000000.0,Non-Tor,Audio-Streaming,Standard,4,177772555,2915189094
47698,443,6,59650091.0,3.0,3.0,0.0,154.0,0.0,0.0,0.0,0.0,154.0,0.0,51.34375,88.9375,2.581722801,0.100586603,11930018.0,19566058.0,45055596.0,393.0,59650091.0,29825046.0,21539806.0,45055989.0,14594102.0,59648604.0,29824302.0,21540950.0,45056054.0,14592550.0,0.0,0.0,0.0,0.0,60.0,60.0,0.05029330030083656,0.05029330030083656,0.0,154.0,22.0,58.21875,3388.0,1.0,0.0,0.0,1.0,6.0,0.0,0.0,0.0,1.0,25.671875,0.0,51.34375,0.0,0.0,0.0,0.0,0.0,0.0,0.0,0.0,0.0,25.0,2640.0,1959.0,0.0,20.0,0,0,0,0,1437770000000000.0,31093222.0,1437770000000000.0,1437770000000000.0,Non-Tor,Audio-Streaming,Standard,4,177772555,2915189093
57457,443,6,59690811.0,2.0,4.0,0.0,154.0,0.0,0.0,0.0,0.0,154.0,0.0,38.5,77.0,2.579961596,0.100517984,11938162.0,19567640.0,45055573.0,81.0,45056011.0,45056012.0,0.0,45056011.0,45056011.0,59690373.0,19896792.0,22984292.0,45055945.0,81.0,0.0,0.0,0.0,0.0,40.0,80.0,0.03350599482655525,0.0670119896531105,0.0,154.0,22.0,58.21875,3388.0,1.0,0.0,0.0,1.0,6.0,0.0,0.0,0.0,2.0,25.671875,0.0,38.5,0.0,0.0,0.0,0.0,0.0,0.0,0.0,0.0,0.0,25.0,1181.0,2142.0,0.0,20.0,0,0,0,0,1437770000000000.0,31109888.0,1437770000000000.0,1437770000000000.0,Non-Tor,Audio-Streaming,Standard,4,177772555,2915189130
57361,443,6,119951935.0,304.0,311.0,169583.0,26564.0,1460.0,0.0,558.0,607.0,996.0,0.0,85.4375,179.75,1635.213304,5.127053599,195361.453125,740408.0,7159955.0,3.0,119951799.0,395880.53125,1019675.25,7160182.0,22.0,119951704.0,386940.96875,1006941.75,7160274.0,7.0,0.0,0.0,0.0,0.0,6080.0,6220.0,2.534348487854004,2.592705249786377,0.0,1460.0,320.75,505.75,255789.546875,0.0,0.0,0.0,242.0,615.0,0.0,0.0,0.0,1.0,321.25,558.0,85.4375,0.0,0.0,0.0,0.0,13.0,4228.0,0.0,275.0,0.0,43.0,21142.0,8323.0,215.0,20.0,0,0,0,0,1437770000000000.0,35633524.0,1437770000000000.0,1437770000000000.0,Non-Tor,Audio-Streaming,Standard,4,177772555,3627735182
49132,443,6,104786818.0,4.0,4.0,0.0,154.0,0.0,0.0,0.0,0.0,154.0,0.0,38.5,77.0,1.469650505,0.076345481,14969545.0,21239634.0,45055825.0,251.0,104786818.0,34928940.0,17540642.0,45056076.0,14674750.0,104785618.0,34928540.0,17541502.0,45056200.0,14673357.0,0.0,0.0,0.0,0.0,80.0,80.0,0.03817274048924446,0.03817274048924446,0.0,154.0,17.109375,51.34375,2635.111083984375,1.0,0.0,0.0,1.0,8.0,0.0,0.0,0.0,1.0,19.25,0.0,38.5,0.0,0.0,0.0,0.0,0.0,0.0,0.0,0.0,0.0,19.0,2640.0,1918.0,0.0,20.0,0,0,0,0,1437770000000000.0,41575416.0,1437770000000000.0,1437770000000000.0,Non-Tor,Audio-Streaming,Standard,4,177772555,1249740920
443,56254,6,111585868.0,247.0,235.0,13451.0,124332.0,1460.0,0.0,54.46875,118.625,1460.0,0.0,529.0,583.5,1234.771055,4.319543403,231987.25,1205828.375,13338817.0,6.0,111549551.0,453453.46875,1658215.25,13339032.0,6.0,111585798.0,476862.375,1700700.75,13339242.0,20.0,0.0,0.0,0.0,0.0,4940.0,4700.0,2.2135419845581055,2.106001377105713,0.0,1460.0,288.25,481.25,231686.109375,0.0,0.0,0.0,205.0,482.0,0.0,0.0,0.0,0.0,289.0,54.46875,529.0,0.0,0.0,0.0,0.0,20.0,4245.0,0.0,27.0,0.0,257.0,9520.0,9520.0,93.0,20.0,0,0,0,0,1440000000000000.0,35660220.0,1437770000000000.0,1437770000000000.0,Non-Tor,Audio-Streaming,Standard,4,2915180897,177772555
34702,19305,6,119997944.0,3494.0,3180.0,187488.0,492160.0,175.0,0.0,53.65625,50.59375,1184.0,0.0,154.75,197.0,5663.830374,55.61761958,17982.607421875,18423.26953125,125670.0,18.0,119995436.0,34353.1171875,26071.09765625,141392.0,104.0,119937453.0,37728.04296875,23920.130859375,133509.0,176.0,0.0,0.0,0.0,0.0,69880.0,63600.0,29.117164611816406,26.50045394897461,0.0,1184.0,101.8125,149.625,22369.95703125,0.0,0.0,0.0,4160.0,6674.0,0.0,0.0,0.0,0.0,101.8125,53.65625,154.75,0.0,0.0,0.0,0.0,4160.0,5666.0,0.0,28.0,0.0,73.0,5292.0,5292.0,2381.0,20.0,0,0,0,0,1437770000000000.0,34537396.0,1437770000000000.0,1437770000000000.0,Non-Tor,Audio-Streaming,Standard,4,177772555,2915189119
41995,443,6,104732111.0,3.0,5.0,0.0,154.0,0.0,0.0,0.0,0.0,154.0,0.0,30.796875,68.875,1.47041818,0.07638536,14961730.0,21239940.0,45056115.0,68.0,90112545.0,45056272.0,376.8879089355469,45056539.0,45056006.0,104731761.0,26182940.0,22595514.0,45056502.0,68.0,0.0,0.0,0.0,0.0,60.0,100.0,0.028644509613513947,0.04774085059762001,0.0,154.0,17.109375,51.34375,2635.111083984375,1.0,0.0,0.0,1.0,8.0,0.0,0.0,0.0,1.0,19.25,0.0,30.796875,0.0,0.0,0.0,0.0,0.0,0.0,0.0,0.0,0.0,19.0,2640.0,1248.0,0.0,20.0,0,0,0,0,1437770000000000.0,41560024.0,1437770000000000.0,1437770000000000.0,Non-Tor,Audio-Streaming,Standard,4,177772555,1249740932
45258,443,6,104786006.0,4.0,5.0,0.0,154.0,0.0,0.0,0.0,0.0,154.0,0.0,30.796875,68.875,1.469661894,0.085889331,13098251.0,20363806.0,45055732.0,30.0,104785976.0,34928660.0,17541014.0,45056085.0,14674040.0,104785454.0,26196364.0,22586096.0,45056350.0,124.0,0.0,0.0,0.0,0.0,80.0,100.0,0.03817303478717804,0.04771629348397255,0.0,154.0,15.3984375,48.6875,2371.60009765625,1.0,0.0,0.0,1.0,9.0,0.0,0.0,0.0,1.0,17.109375,0.0,30.796875,0.0,0.0,0.0,0.0,0.0,0.0,0.0,0.0,0.0,17.0,2440.0,1204.0,0.0,20.0,0,0,0,0,1437770000000000.0,39566696.0,1437770000000000.0,1437770000000000.0,Non-Tor,Audio-Streaming,Standard,4,177772555,2915189141
34481,443,6,90958081.0,9.0,9.0,3828.0,340.0,1460.0,0.0,425.25,618.0,271.0,0.0,37.78125,90.375,45.82330623,0.197893357,5350475.5,14950898.0,45120268.0,19.0,90957550.0,11369694.0,20802072.0,45120563.0,154.0,90957683.0,11369710.0,20801998.0,45120799.0,19.0,0.0,0.0,0.0,0.0,180.0,180.0,0.09894667565822601,0.09894667565822601,0.0,1460.0,296.25,539.0,290450.0625,0.0,0.0,0.0,6.0,18.0,0.0,0.0,0.0,1.0,312.75,425.25,37.78125,0.0,0.0,0.0,0.0,7.0,5110.0,0.0,212.0,0.0,18.0,2640.0,2970.0,4.0,20.0,0,0,0,0,1440000000000000.0,26190466.0,1437770000000000.0,1437770000000000.0,Non-Tor,Audio-Streaming,Standard,4,177772555,2915180905
57468,443,6,104887796.0,3.0,5.0,0.0,154.0,0.0,0.0,0.0,0.0,154.0,0.0,30.796875,68.875,1.468235637,0.076271981,14983971.0,21239420.0,45055613.0,94.0,90111963.0,45055980.0,88.38835144042969,45056044.0,45055919.0,104887351.0,26221838.0,22568804.0,45056052.0,94.0,0.0,0.0,0.0,0.0,60.0,100.0,0.0286019928753376,0.04766998812556267,0.0,154.0,17.109375,51.34375,2635.111083984375,1.0,0.0,0.0,1.0,8.0,0.0,0.0,0.0,1.0,19.25,0.0,30.796875,0.0,0.0,0.0,0.0,0.0,0.0,0.0,0.0,0.0,19.0,2640.0,2640.0,0.0,20.0,0,0,0,0,1437770000000000.0,41604610.0,1437770000000000.0,1440000000000000.0,Non-Tor,Audio-Streaming,Standard,4,177772555,2915189130
41313,443,6,75987458.0,10.0,10.0,2879.0,1060.0,1460.0,0.0,288.0,573.0,583.0,0.0,106.0,197.75,51.83750192,0.26320133,3999340.0,12071082.0,45055553.0,14.0,75987143.0,8443016.0,16901352.0,45055996.0,40.0,75987015.0,8443002.0,16901194.0,45055912.0,21.0,0.0,0.0,0.0,0.0,200.0,200.0,0.13160066306591034,0.13160066306591034,0.0,1460.0,187.625,418.75,175378.5625,0.0,0.0,0.0,7.0,20.0,0.0,0.0,0.0,1.0,197.0,288.0,106.0,0.0,0.0,0.0,0.0,8.0,3965.0,0.0,143.0,0.0,53.0,14626.0,5386.0,4.0,20.0,0,0,0,0,1437770000000000.0,19595022.0,1437770000000000.0,1437770000000000.0,Non-Tor,Audio-Streaming,Standard,4,177772555,2915180918
443,44097,6,118129838.0,19.0,18.0,2657.0,4649.0,758.0,0.0,139.875,210.75,1460.0,0.0,258.25,483.0,61.8472024,0.313214685,3281384.5,8568704.0,29708801.0,19.0,118091906.0,6560661.5,11337741.0,29708890.0,90.0,118091929.0,6946584.0,11562846.0,29708902.0,166.0,1.0,0.0,0.0,0.0,380.0,360.0,0.1608399748802185,0.15237471461296082,0.0,1460.0,194.5,364.25,132587.125,0.0,0.0,0.0,17.0,37.0,0.0,0.0,0.0,0.0,199.75,139.875,258.25,0.0,0.0,0.0,0.0,7.0,3792.0,0.0,71.0,0.0,125.0,2640.0,3346.0,11.0,20.0,0,0,0,0,1437770000000000.0,23025020.0,1437770000000000.0,1437770000000000.0,Non-Tor,Audio-Streaming,Standard,4,1249713341,177772555
50953,5228,6,90112420.0,3.0,3.0,0.0,0.0,0.0,0.0,0.0,0.0,0.0,0.0,0.0,0.0,0.0,0.066583497,18022484.0,24677784.0,45055669.0,320.0,90112024.0,45056012.0,32.526912689208984,45056035.0,45055989.0,90112100.0,45056048.0,57.982757568359375,45056091.0,45056009.0,0.0,0.0,0.0,0.0,60.0,60.0,0.03329174965620041,0.03329174965620041,0.0,0.0,0.0,0.0,0.0,0.0,0.0,0.0,0.0,6.0,0.0,0.0,0.0,1.0,0.0,0.0,0.0,0.0,0.0,0.0,0.0,0.0,0.0,0.0,0.0,0.0,0.0,2373.0,1315.0,0.0,20.0,0,0,0,0,1437770000000000.0,36787604.0,1437770000000000.0,1437770000000000.0,Non-Tor,Audio-Streaming,Standard,4,177772555,1249740988
57157,443,6,90112353.0,3.0,3.0,0.0,0.0,0.0,0.0,0.0,0.0,0.0,0.0,0.0,0.0,0.0,0.066583546,18022470.0,24677858.0,45055719.0,278.0,90112014.0,45056008.0,14.142135620117188,45056017.0,45055997.0,90112075.0,45056036.0,0.7071067690849304,45056038.0,45056037.0,0.0,0.0,0.0,0.0,60.0,60.0,0.0332917720079422,0.0332917720079422,0.0,0.0,0.0,0.0,0.0,0.0,0.0,0.0,0.0,6.0,0.0,0.0,0.0,1.0,0.0,0.0,0.0,0.0,0.0,0.0,0.0,0.0,0.0,0.0,0.0,0.0,0.0,2640.0,2598.0,0.0,20.0,0,0,0,0,1437770000000000.0,36787704.0,1437770000000000.0,1437770000000000.0,Non-Tor,Audio-Streaming,Standard,4,177772555,3627736163
57157,443,6,14647662.0,1.0,3.0,0.0,154.0,0.0,0.0,0.0,0.0,154.0,0.0,51.34375,88.9375,10.51362327,0.273081124,4882554.0,8456418.0,14647184.0,26.0,0.0,0.0,0.0,0.0,0.0,14647210.0,7323605.0,10357105.0,14647184.0,26.0,0.0,0.0,0.0,0.0,20.0,60.0,0.06827028095722198,0.20481084287166595,0.0,154.0,30.796875,68.875,4743.2001953125,1.0,0.0,0.0,1.0,4.0,0.0,0.0,0.0,3.0,38.5,0.0,51.34375,0.0,0.0,0.0,0.0,0.0,0.0,0.0,0.0,0.0,38.0,2640.0,2598.0,0.0,20.0,0,0,0,0,1437770000000000.0,0.0,1437770000000000.0,1437770000000000.0,Non-Tor,Audio-Streaming,Standard,4,177772555,3627736163
57361,443,6,113515977.0,308.0,313.0,166917.0,27165.0,1460.0,0.0,542.0,606.0,890.0,0.0,86.8125,178.625,1709.732895,5.470595562,183090.28125,718907.75,6719623.0,7.0,113515220.0,369756.40625,991345.0625,6720030.0,31.0,113515623.0,363832.125,981565.0625,6719930.0,7.0,0.0,0.0,0.0,0.0,6160.0,6260.0,2.7132744789123535,2.7573211193084717,0.0,1460.0,314.5,501.5,251455.90625,0.0,0.0,0.0,245.0,621.0,0.0,0.0,0.0,1.0,315.0,542.0,86.8125,0.0,0.0,0.0,0.0,11.0,4967.0,0.0,268.0,0.0,43.0,21142.0,8323.0,212.0,20.0,0,0,0,0,1437770000000000.0,34613076.0,1437770000000000.0,1437770000000000.0,Non-Tor,Audio-Streaming,Standard,4,177772555,3627735182
443,56254,6,114730121.0,275.0,265.0,13058.0,136034.0,485.0,0.0,47.46875,71.375,1460.0,0.0,513.5,584.0,1299.501811,4.706697729,212857.375,981676.9375,9447987.0,6.0,114690731.0,418579.3125,1347740.125,9447987.0,10.0,114730099.0,434583.71875,1374316.625,9458243.0,32.0,1.0,0.0,0.0,0.0,5500.0,5300.0,2.3969295024871826,2.3097684383392334,0.0,1460.0,276.0,473.0,223613.90625,0.0,0.0,0.0,232.0,540.0,0.0,0.0,0.0,0.0,276.5,47.46875,513.5,0.0,0.0,0.0,0.0,20.0,4246.0,0.0,24.0,0.0,251.0,21627.0,9520.0,109.0,20.0,0,0,0,0,1437770000000000.0,35311892.0,1437770000000000.0,1437770000000000.0,Non-Tor,Audio-Streaming,Standard,4,2915180897,177772555
34702,19305,6,119996187.0,3554.0,3144.0,208319.0,457035.0,182.0,0.0,58.625,52.34375,965.0,0.0,145.375,191.25,5544.792852,55.8184403,17917.90234375,18134.4921875,126759.0,27.0,119996187.0,33773.203125,24952.98046875,129842.0,56.0,119881672.0,38142.43359375,23896.48828125,151784.0,81.0,0.0,0.0,0.0,0.0,71080.0,62880.0,29.61760711669922,26.20083236694336,0.0,965.0,99.3125,143.125,20489.181640625,0.0,0.0,0.0,4250.0,6698.0,0.0,0.0,0.0,0.0,99.3125,58.625,145.375,0.0,0.0,0.0,0.0,4250.0,5547.0,0.0,31.0,0.0,68.0,2640.0,5292.0,2501.0,20.0,0,0,0,0,1437770000000000.0,34221012.0,1437770000000000.0,1437770000000000.0,Non-Tor,Audio-Streaming,Standard,4,177772555,2915189119
34481,443,6,105928233.0,18.0,18.0,6776.0,680.0,1460.0,0.0,376.5,560.0,271.0,0.0,37.78125,69.875,70.38727815,0.339852738,3026521.0,10763276.0,45044093.0,16.0,105927840.0,6231049.5,14999159.0,45044811.0,75.0,105927847.0,6231050.0,14998966.0,45044486.0,79.0,0.0,0.0,0.0,0.0,360.0,360.0,0.16992637515068054,0.16992637515068054,0.0,1460.0,241.0,470.75,221535.1875,0.0,0.0,0.0,14.0,36.0,0.0,0.0,0.0,1.0,247.625,376.5,37.78125,0.0,0.0,0.0,0.0,8.0,4475.0,0.0,188.0,0.0,18.0,2640.0,2970.0,9.0,20.0,0,0,0,0,1437770000000000.0,31264826.0,1437770000000000.0,1437770000000000.0,Non-Tor,Audio-Streaming,Standard,4,177772555,2915180905
41313,443,6,75831853.0,10.0,10.0,2879.0,1060.0,1460.0,0.0,288.0,573.0,583.0,0.0,106.0,197.75,51.94387113,0.263741412,3991150.25,12057586.0,45055621.0,15.0,75831702.0,8425745.0,16884784.0,45056069.0,127.0,75831405.0,8425712.0,16884640.0,45056018.0,35.0,0.0,0.0,0.0,0.0,200.0,200.0,0.13187070190906525,0.13187070190906525,0.0,1460.0,187.625,418.75,175378.5625,0.0,0.0,0.0,7.0,20.0,0.0,0.0,0.0,1.0,197.0,288.0,106.0,0.0,0.0,0.0,0.0,8.0,4115.0,0.0,143.0,0.0,53.0,14626.0,5386.0,4.0,20.0,0,0,0,0,1440000000000000.0,19550622.0,1437770000000000.0,1437770000000000.0,Non-Tor,Audio-Streaming,Standard,4,177772555,2915180918
443,44097,6,95031690.0,13.0,13.0,2317.0,2543.0,835.0,0.0,178.25,252.75,1460.0,0.0,195.625,428.0,51.14083523,0.273592946,3801267.5,9526595.0,29865951.0,15.0,94992735.0,7916061.0,12747260.0,29865951.0,17.0,95031667.0,7919305.5,12753627.0,29905186.0,72.0,1.0,0.0,0.0,0.0,260.0,260.0,0.1367964744567871,0.1367964744567871,0.0,1460.0,183.125,338.25,114494.75,0.0,0.0,0.0,12.0,26.0,0.0,0.0,0.0,1.0,190.25,178.25,195.625,0.0,0.0,0.0,0.0,9.0,4872.0,0.0,89.0,0.0,97.0,2640.0,3346.0,8.0,20.0,0,0,0,0,1437770000000000.0,17886206.0,1437770000000000.0,1440000000000000.0,Non-Tor,Audio-Streaming,Standard,4,1249713341,177772555
50953,5228,6,90112237.0,3.0,3.0,0.0,0.0,0.0,0.0,0.0,0.0,0.0,0.0,0.0,0.0,0.0,0.066583632,18022448.0,24677662.0,45055505.0,283.0,90111954.0,45055976.0,11.313708305358887,45055985.0,45055969.0,90111691.0,45055844.0,81.3172836303711,45055903.0,45055788.0,0.0,0.0,0.0,0.0,60.0,60.0,0.03329181671142578,0.03329181671142578,0.0,0.0,0.0,0.0,0.0,0.0,0.0,0.0,0.0,6.0,0.0,0.0,0.0,1.0,0.0,0.0,0.0,0.0,0.0,0.0,0.0,0.0,0.0,0.0,0.0,0.0,0.0,2373.0,1315.0,0.0,20.0,0,0,0,0,1437770000000000.0,36787450.0,1437770000000000.0,1437770000000000.0,Non-Tor,Audio-Streaming,Standard,4,177772555,1249740988
57361,443,6,118012255.0,303.0,313.0,169732.0,26920.0,1460.0,0.0,560.0,607.0,991.0,0.0,86.0,183.125,1666.369311,5.219796876,191889.84375,731707.25,6423631.0,7.0,118011827.0,390767.625,1010860.0625,6423932.0,19.0,118011944.0,378243.40625,993630.875,6423983.0,7.0,0.0,0.0,0.0,0.0,6060.0,6260.0,2.5675299167633057,2.6522669792175293,0.0,1460.0,321.0,506.0,255916.96875,0.0,0.0,0.0,244.0,616.0,0.0,0.0,0.0,1.0,321.5,560.0,86.0,0.0,0.0,0.0,0.0,12.0,4842.0,0.0,275.0,0.0,43.0,21142.0,8323.0,216.0,20.0,0,0,0,0,1437770000000000.0,35469852.0,1437770000000000.0,1437770000000000.0,Non-Tor,Audio-Streaming,Standard,4,177772555,3627735182
443,56254,6,119994993.0,268.0,252.0,12791.0,138684.0,308.0,0.0,47.71875,75.9375,1460.0,0.0,550.5,588.0,1262.344338,4.333514149,231204.21875,980730.1875,8286094.0,7.0,119994993.0,449419.4375,1333703.125,8324473.0,7.0,119994548.0,478065.9375,1372052.0,8286094.0,32.0,1.0,0.0,0.0,0.0,5360.0,5040.0,2.233426570892334,2.1000876426696777,0.0,1460.0,291.0,482.75,232950.734375,0.0,0.0,0.0,224.0,520.0,0.0,0.0,0.0,0.0,291.5,47.71875,550.5,0.0,0.0,0.0,0.0,14.0,4016.0,0.0,24.0,0.0,266.0,21627.0,9520.0,99.0,20.0,0,0,0,0,1437770000000000.0,36047316.0,1437770000000000.0,1437770000000000.0,Non-Tor,Audio-Streaming,Standard,4,2915180897,177772555
34702,19305,6,119971592.0,3530.0,3137.0,195651.0,421633.0,215.0,0.0,55.4375,51.5,1460.0,0.0,134.375,191.5,5145.251386,55.57148896,17997.5390625,18109.0,120207.0,21.0,119971592.0,33995.91796875,25518.921875,132459.0,116.0,119928540.0,38242.51953125,23893.033203125,140889.0,175.0,1.0,0.0,0.0,0.0,70600.0,62740.0,29.42363166809082,26.147857666015625,0.0,1460.0,92.625,142.125,20211.20703125,0.0,0.0,0.0,4129.0,6667.0,0.0,0.0,0.0,0.0,92.625,55.4375,134.375,0.0,0.0,0.0,0.0,4130.0,5145.0,0.0,29.0,0.0,63.0,5292.0,5292.0,2421.0,20.0,0,0,0,0,1437770000000000.0,34602820.0,1437770000000000.0,1437770000000000.0,Non-Tor,Audio-Streaming,Standard,4,177772555,2915189119
41313,443,6,76007223.0,10.0,10.0,2879.0,1060.0,1460.0,0.0,288.0,573.0,498.0,0.0,106.0,186.875,51.82402204,0.263132887,4000380.25,12066894.0,45055475.0,11.0,76006973.0,8445219.0,16894038.0,45055972.0,98.0,76006726.0,8445192.0,16893790.0,45055839.0,11.0,0.0,0.0,0.0,0.0,200.0,200.0,0.13156644999980927,0.13156644999980927,0.0,1460.0,187.625,416.5,173484.65625,0.0,0.0,0.0,7.0,20.0,0.0,0.0,0.0,1.0,197.0,288.0,106.0,0.0,0.0,0.0,0.0,8.0,3773.0,0.0,143.0,0.0,53.0,14626.0,5386.0,4.0,20.0,0,0,0,0,1437770000000000.0,19595456.0,1437770000000000.0,1437770000000000.0,Non-Tor,Audio-Streaming,Standard,4,177772555,2915180918
46219,443,6,91343897.0,19.0,19.0,1967.0,5439.0,1349.0,0.0,103.5,306.25,1460.0,0.0,286.25,462.25,81.07821369,0.416010278,2468754.0,10318300.0,45087827.0,19.0,91343461.0,5074636.5,14541784.0,45088122.0,47.0,91343449.0,5074636.0,14541773.0,45088263.0,45.0,0.0,0.0,0.0,0.0,392.0,392.0,0.2080051451921463,0.2080051451921463,0.0,1460.0,189.875,393.5,154915.40625,0.0,2.0,0.0,14.0,37.0,0.0,0.0,0.0,1.0,194.875,103.5,286.25,0.0,0.0,0.0,0.0,16.0,5915.0,0.0,51.0,0.0,143.0,14600.0,1229.0,7.0,20.0,0,0,0,0,1437770000000000.0,18113330.0,1437770000000000.0,1437770000000000.0,Non-Tor,Audio-Streaming,Standard,4,177772555,2915182830
443,44097,6,118980714.0,20.0,20.0,2678.0,4633.0,835.0,0.0,133.875,212.125,1460.0,0.0,231.625,463.0,61.44693332,0.336188939,3050787.5,8284290.0,27843603.0,14.0,118980575.0,6262135.5,11125189.0,27843617.0,64.0,118980700.0,6262142.0,11125477.0,27843656.0,145.0,1.0,0.0,0.0,0.0,400.0,400.0,0.1680944710969925,0.1680944710969925,0.0,1460.0,180.375,354.75,125838.546875,0.0,0.0,0.0,18.0,40.0,0.0,0.0,0.0,1.0,184.875,133.875,231.625,0.0,0.0,0.0,0.0,8.0,3260.0,0.0,66.0,0.0,115.0,2640.0,3346.0,12.0,20.0,0,0,0,0,1437770000000000.0,18051832.0,1437770000000000.0,1437770000000000.0,Non-Tor,Audio-Streaming,Standard,4,1249713341,177772555
34481,443,6,118691440.0,27.0,27.0,12780.0,1020.0,1460.0,0.0,473.25,594.0,271.0,0.0,37.78125,70.25,116.2678623,0.4549612,2239461.25,8916222.0,45028426.0,12.0,118691239.0,4565047.5,12422760.0,45028702.0,116.0,118691105.0,4565042.5,12422609.0,45028787.0,19.0,0.0,0.0,0.0,0.0,540.0,540.0,0.22748060524463654,0.22748060524463654,0.0,1460.0,277.5,496.0,246034.171875,0.0,0.0,0.0,20.0,54.0,0.0,0.0,0.0,1.0,282.5,473.25,37.78125,0.0,0.0,0.0,0.0,8.0,5567.0,0.0,236.0,0.0,18.0,2640.0,2970.0,16.0,20.0,0,0,0,0,1437770000000000.0,47535612.0,1437770000000000.0,1437770000000000.0,Non-Tor,Audio-Streaming,Standard,4,177772555,2915180905
50953,5228,6,90112388.0,3.0,3.0,0.0,0.0,0.0,0.0,0.0,0.0,0.0,0.0,0.0,0.0,0.0,0.06658352,18022478.0,24677578.0,45055558.0,449.0,90111887.0,45055944.0,89.80255889892578,45056007.0,45055880.0,90111939.0,45055968.0,292.03509521484375,45056176.0,45055763.0,0.0,0.0,0.0,0.0,60.0,60.0,0.033291760832071304,0.033291760832071304,0.0,0.0,0.0,0.0,0.0,0.0,0.0,0.0,0.0,6.0,0.0,0.0,0.0,1.0,0.0,0.0,0.0,0.0,0.0,0.0,0.0,0.0,0.0,0.0,0.0,0.0,0.0,2373.0,1315.0,0.0,20.0,0,0,0,0,1437770000000000.0,36787336.0,1437770000000000.0,1437770000000000.0,Non-Tor,Audio-Streaming,Standard,4,177772555,1249740988
57361,443,6,119985238.0,295.0,306.0,169930.0,26441.0,1460.0,0.0,576.0,608.5,821.0,0.0,86.4375,185.125,1636.626332,5.008949518,199975.390625,670150.5,6325336.0,8.0,119985025.0,408112.34375,916511.625,6325686.0,17.0,119984759.0,393392.65625,899547.3125,6325570.0,8.0,0.0,0.0,0.0,0.0,5900.0,6120.0,2.4586358070373535,2.550313711166382,0.0,1460.0,328.5,510.5,260528.171875,0.0,0.0,0.0,237.0,601.0,0.0,0.0,0.0,1.0,329.25,576.0,86.4375,0.0,0.0,0.0,0.0,9.0,5143.0,0.0,282.0,0.0,43.0,21142.0,8323.0,214.0,20.0,0,0,0,0,1437770000000000.0,35078904.0,1437770000000000.0,1437770000000000.0,Non-Tor,Audio-Streaming,Standard,4,177772555,3627735182
443,56254,6,119899534.0,268.0,256.0,13575.0,135212.0,485.0,0.0,50.65625,82.875,1460.0,0.0,528.0,585.0,1240.930594,4.370325576,229253.40625,1110855.625,11165996.0,5.0,119899534.0,449061.9375,1524816.75,11166291.0,8.0,119859082.0,470035.625,1558751.25,11166444.0,29.0,1.0,0.0,0.0,0.0,5360.0,5120.0,2.2352046966552734,2.1351208686828613,0.0,1460.0,283.75,476.5,226991.234375,0.0,0.0,0.0,227.0,524.0,0.0,0.0,0.0,0.0,284.25,50.65625,528.0,0.0,0.0,0.0,0.0,15.0,4256.0,0.0,25.0,0.0,258.0,21627.0,9520.0,102.0,20.0,0,0,0,0,1437770000000000.0,35157396.0,1437770000000000.0,1437770000000000.0,Non-Tor,Audio-Streaming,Standard,4,2915180897,177772555
34702,19305,6,119991799.0,3648.0,3232.0,215298.0,502684.0,177.0,0.0,59.03125,51.59375,1038.0,0.0,155.5,201.25,5983.592262,57.33725186,17443.203125,17532.419921875,113467.0,0.0,119970222.0,32895.58984375,24084.5546875,138077.0,70.0,119969371.0,37130.72265625,23456.564453125,143881.0,25.0,0.0,0.0,0.0,0.0,72960.0,64640.0,30.40207862854004,26.9351749420166,0.0,1038.0,104.3125,150.875,22752.16015625,0.0,0.0,0.0,4389.0,6880.0,0.0,0.0,0.0,0.0,104.375,59.03125,155.5,0.0,0.0,0.0,0.0,4389.0,5984.0,0.0,31.0,0.0,73.0,5292.0,5292.0,2579.0,20.0,0,0,0,0,1437770000000000.0,33924840.0,1437770000000000.0,1437770000000000.0,Non-Tor,Audio-Streaming,Standard,4,177772555,2915189119
46219,443,6,104810087.0,5.0,6.0,0.0,154.0,0.0,0.0,0.0,0.0,85.0,0.0,25.671875,40.09375,1.469324226,0.104951731,10481009.0,18782280.0,45055562.0,28.0,104810003.0,26202500.0,22571172.0,45056025.0,49898.0,104809642.0,20961928.0,22784670.0,45056115.0,112.0,0.0,0.0,0.0,0.0,100.0,120.0,0.047705333679914474,0.05724639818072319,0.0,85.0,12.8359375,30.171875,909.9697265625,1.0,0.0,0.0,2.0,11.0,0.0,0.0,0.0,1.0,14.0,0.0,25.671875,0.0,0.0,0.0,0.0,0.0,0.0,0.0,0.0,0.0,14.0,2257.0,1229.0,0.0,20.0,0,0,0,0,1437770000000000.0,38733508.0,1437770000000000.0,1437770000000000.0,Non-Tor,Audio-Streaming,Standard,4,177772555,2915182830
41313,443,6,90112533.0,3.0,3.0,0.0,0.0,0.0,0.0,0.0,0.0,0.0,0.0,0.0,0.0,0.0,0.066583413,18022506.0,24677744.0,45055836.0,367.0,90112096.0,45056048.0,219.20310974121094,45056203.0,45055893.0,90112047.0,45056024.0,352.8462829589844,45056273.0,45055774.0,0.0,0.0,0.0,0.0,60.0,60.0,0.033291708678007126,0.033291708678007126,0.0,0.0,0.0,0.0,0.0,0.0,0.0,0.0,0.0,6.0,0.0,0.0,0.0,1.0,0.0,0.0,0.0,0.0,0.0,0.0,0.0,0.0,0.0,0.0,0.0,0.0,0.0,14626.0,5386.0,0.0,20.0,0,0,0,0,1437770000000000.0,36787612.0,1437770000000000.0,1437770000000000.0,Non-Tor,Audio-Streaming,Standard,4,177772555,2915180918
34481,443,6,74939722.0,12.0,12.0,4132.0,340.0,1460.0,0.0,344.25,584.5,117.0,0.0,28.328125,43.5,59.67462756,0.320257393,3258248.75,10938481.0,45023412.0,13.0,74939294.0,6812663.0,15381969.0,45024057.0,57.0,74939077.0,6812643.5,15381843.0,45023604.0,13.0,0.0,0.0,0.0,0.0,240.0,240.0,0.16012869775295258,0.16012869775295258,0.0,1460.0,178.875,428.75,183869.6875,0.0,0.0,0.0,8.0,24.0,0.0,0.0,0.0,1.0,186.375,344.25,28.328125,0.0,0.0,0.0,0.0,10.0,5769.0,0.0,172.0,0.0,14.0,2640.0,2970.0,6.0,20.0,0,0,0,0,1437770000000000.0,17557890.0,1437770000000000.0,1437770000000000.0,Non-Tor,Audio-Streaming,Standard,4,177772555,2915180905
443,44097,6,96006245.0,13.0,13.0,2333.0,2543.0,758.0,0.0,179.5,243.5,1460.0,0.0,195.625,428.0,50.78836278,0.270815716,3840249.75,9260025.0,27871080.0,4.0,96006175.0,8000514.5,12287262.0,27871113.0,12.0,96006212.0,8000517.5,12287579.0,27871098.0,35.0,1.0,0.0,0.0,0.0,260.0,260.0,0.13540786504745483,0.13540786504745483,0.0,1460.0,183.75,335.25,112367.6640625,0.0,0.0,0.0,12.0,26.0,0.0,0.0,0.0,1.0,190.75,179.5,195.625,0.0,0.0,0.0,0.0,6.0,28020.0,0.0,89.0,0.0,97.0,2640.0,3346.0,8.0,20.0,0,0,0,0,1437770000000000.0,16866594.0,1437770000000000.0,1437770000000000.0,Non-Tor,Audio-Streaming,Standard,4,1249713341,177772555
50953,5228,6,90433756.0,4.0,4.0,53.0,53.0,53.0,0.0,13.25,26.5,53.0,0.0,13.25,26.5,1.172128691,0.088462543,12919108.0,21942704.0,45055860.0,101.0,90433385.0,30144462.0,25798942.0,45056072.0,354415.0,90433523.0,30144508.0,25799272.0,45056231.0,354081.0,1.0,0.0,0.0,0.0,80.0,80.0,0.044231269508600235,0.044231269508600235,0.0,53.0,17.671875,26.5,702.25,0.0,0.0,0.0,2.0,8.0,0.0,0.0,0.0,1.0,19.875,13.25,13.25,0.0,0.0,0.0,0.0,0.0,0.0,0.0,6.0,0.0,6.0,2373.0,1315.0,0.0,20.0,0,0,0,0,1437770000000000.0,36829920.0,1437770000000000.0,1437770000000000.0,Non-Tor,Audio-Streaming,Standard,4,177772555,1249740988
57361,443,6,114538912.0,294.0,303.0,164390.0,26649.0,1460.0,0.0,559.0,608.5,1161.0,0.0,87.9375,180.0,1667.89606,5.21220247,192179.375,671715.5625,5640718.0,5.0,114538655.0,390916.90625,920600.0,5641005.0,19.0,114538701.0,379267.21875,906272.75,5641066.0,5.0,0.0,0.0,0.0,0.0,5880.0,6060.0,2.5668132305145264,2.6453890800476074,0.0,1460.0,322.0,505.5,255654.34375,0.0,0.0,0.0,236.0,597.0,0.0,0.0,0.0,1.0,322.5,559.0,87.9375,0.0,0.0,0.0,0.0,10.0,5113.0,0.0,275.0,0.0,44.0,21142.0,8323.0,208.0,20.0,0,0,0,0,1440000000000000.0,34452480.0,1437770000000000.0,1437770000000000.0,Non-Tor,Audio-Streaming,Standard,4,177772555,3627735182
443,56254,6,119410106.0,261.0,245.0,12074.0,127017.0,308.0,0.0,46.25,70.0625,1460.0,0.0,518.5,584.5,1164.817658,4.237497285,236455.65625,1191063.0,11541757.0,8.0,119410106.0,459269.625,1630598.0,11542044.0,8.0,119407523.0,489375.09375,1680707.0,11542074.0,31.0,1.0,0.0,0.0,0.0,5220.0,4900.0,2.1857447624206543,2.0517525672912598,0.0,1460.0,274.5,472.25,222939.71875,0.0,0.0,0.0,221.0,506.0,0.0,0.0,0.0,0.0,275.0,46.25,518.5,0.0,0.0,0.0,0.0,18.0,4008.0,0.0,23.0,0.0,251.0,21627.0,9520.0,103.0,20.0,0,0,0,0,1437770000000000.0,34440228.0,1437770000000000.0,1437770000000000.0,Non-Tor,Audio-Streaming,Standard,4,2915180897,177772555
34702,19305,6,119995754.0,3533.0,3175.0,190131.0,537809.0,180.0,0.0,53.8125,50.34375,1460.0,0.0,169.375,206.875,6066.381315,55.901978,17891.12109375,18399.4921875,133812.0,4.0,119995754.0,33973.8828125,25454.435546875,149003.0,91.0,119955813.0,37793.26171875,23713.755859375,149187.0,60.0,0.0,0.0,0.0,0.0,70660.0,63500.0,29.44270896911621,26.459270477294922,0.0,1460.0,108.5,157.875,24924.48046875,0.0,0.0,0.0,4219.0,6708.0,0.0,0.0,0.0,0.0,108.5,53.8125,169.375,0.0,0.0,0.0,0.0,4220.0,6068.0,0.0,28.0,0.0,80.0,2640.0,5292.0,2397.0,20.0,0,0,0,0,1437770000000000.0,34715940.0,1437770000000000.0,1437770000000000.0,Non-Tor,Audio-Streaming,Standard,4,177772555,2915189119
41313,443,6,91105707.0,9.0,9.0,2879.0,1060.0,1460.0,0.0,320.0,598.0,498.0,0.0,117.75,215.375,43.23549127,0.197572694,5359159.0,14939441.0,45099575.0,17.0,91105282.0,11388160.0,20777138.0,45100043.0,283.0,91105449.0,11388181.0,20777090.0,45100000.0,206.0,0.0,0.0,0.0,0.0,180.0,180.0,0.09878634661436081,0.09878634661436081,0.0,1460.0,284.25,520.5,270851.59375,0.0,0.0,0.0,6.0,18.0,0.0,0.0,0.0,1.0,300.0,320.0,117.75,0.0,0.0,0.0,0.0,7.0,3911.0,0.0,159.0,0.0,58.0,14626.0,5386.0,3.0,20.0,0,0,0,0,1437770000000000.0,26177986.0,1437770000000000.0,1437770000000000.0,Non-Tor,Audio-Streaming,Standard,4,177772555,2915180918
34481,443,6,74939707.0,10.0,10.0,4132.0,340.0,1460.0,0.0,413.25,621.5,271.0,0.0,34.0,86.0625,59.67463951,0.266881214,3944195.0,11973878.0,45055528.0,20.0,74939394.0,8326599.5,16779566.0,45055999.0,151.0,74939236.0,8326582.0,16779390.0,45055934.0,20.0,0.0,0.0,0.0,0.0,200.0,200.0,0.13344061374664307,0.13344061374664307,0.0,1460.0,213.0,464.25,215413.34375,0.0,0.0,0.0,6.0,20.0,0.0,0.0,0.0,1.0,223.625,413.25,34.0,0.0,0.0,0.0,0.0,8.0,5596.0,0.0,206.0,0.0,17.0,2640.0,2970.0,6.0,20.0,0,0,0,0,1437770000000000.0,19208900.0,1437770000000000.0,1437770000000000.0,Non-Tor,Audio-Streaming,Standard,4,177772555,2915180905
443,44097,6,92177398.0,19.0,18.0,2556.0,4633.0,835.0,0.0,134.5,218.375,1460.0,0.0,257.5,482.25,77.99091921,0.401399918,2560483.25,7710900.5,28481827.0,15.0,92177296.0,5120961.0,10425122.0,28481827.0,15.0,92177314.0,5422195.0,10663740.0,28518862.0,82.0,1.0,0.0,0.0,0.0,380.0,360.0,0.20612427592277527,0.19527563452720642,0.0,1460.0,191.375,366.25,134139.109375,0.0,0.0,0.0,17.0,37.0,0.0,0.0,0.0,0.0,196.625,134.5,257.5,0.0,0.0,0.0,0.0,8.0,4243.0,0.0,69.0,0.0,125.0,2640.0,3346.0,11.0,20.0,0,0,0,0,1437770000000000.0,14404630.0,1437770000000000.0,1437770000000000.0,Non-Tor,Audio-Streaming,Standard,4,1249713341,177772555
51379,443,6,91236199.0,20.0,20.0,3116.0,5265.0,1460.0,0.0,155.75,345.75,1460.0,0.0,263.25,460.25,91.86046867,0.438422473,2339389.75,10052011.0,45027645.0,12.0,91235680.0,4801878.0,14171682.0,45028019.0,43.0,91235836.0,4801886.0,14171668.0,45028164.0,51.0,0.0,0.0,0.0,0.0,412.0,412.0,0.21921123564243317,0.21921123564243317,0.0,1460.0,204.375,401.75,161377.90625,0.0,2.0,0.0,14.0,39.0,0.0,0.0,0.0,1.0,209.5,155.75,263.25,0.0,0.0,0.0,0.0,17.0,6965.0,0.0,77.0,0.0,131.0,14600.0,1594.0,9.0,20.0,0,0,0,0,1437770000000000.0,17639418.0,1437770000000000.0,1437770000000000.0,Non-Tor,Audio-Streaming,Standard,4,177772555,2915182821
50953,5228,6,90112430.0,3.0,3.0,0.0,0.0,0.0,0.0,0.0,0.0,0.0,0.0,0.0,0.0,0.0,0.066583489,18022486.0,24677746.0,45055757.0,352.0,90111981.0,45055992.0,167.5843048095703,45056109.0,45055872.0,90112078.0,45056040.0,202.2325439453125,45056182.0,45055896.0,0.0,0.0,0.0,0.0,60.0,60.0,0.03329174593091011,0.03329174593091011,0.0,0.0,0.0,0.0,0.0,0.0,0.0,0.0,0.0,6.0,0.0,0.0,0.0,1.0,0.0,0.0,0.0,0.0,0.0,0.0,0.0,0.0,0.0,0.0,0.0,0.0,0.0,2373.0,1315.0,0.0,20.0,0,0,0,0,1437770000000000.0,36787572.0,1437770000000000.0,1437770000000000.0,Non-Tor,Audio-Streaming,Standard,4,177772555,1249740988
57361,443,6,115147699.0,288.0,307.0,172403.0,27479.0,1460.0,0.0,598.5,608.5,996.0,0.0,89.5,192.125,1735.874896,5.167276508,193851.34375,684646.25,5369073.0,8.0,115147511.0,401210.84375,945526.5,5369462.0,16.0,115147398.0,376298.6875,918199.625,5369329.0,8.0,0.0,0.0,0.0,0.0,5760.0,6140.0,2.5011355876922607,2.6661410331726074,0.0,1460.0,337.75,514.0,264401.65625,0.0,0.0,0.0,237.0,595.0,0.0,0.0,0.0,1.0,338.5,598.5,89.5,0.0,0.0,0.0,0.0,11.0,5211.0,0.0,289.0,0.0,46.0,21142.0,8323.0,220.0,20.0,0,0,0,0,1437770000000000.0,35444864.0,1437770000000000.0,1437770000000000.0,Non-Tor,Audio-Streaming,Standard,4,177772555,3627735182
443,56254,6,119262816.0,256.0,233.0,13234.0,132103.0,498.0,0.0,51.6875,90.75,1460.0,0.0,567.0,586.5,1218.627942,4.100188277,244391.015625,1114698.5,11150359.0,11.0,119262816.0,467697.3125,1510724.375,11150613.0,11.0,119224202.0,513897.4375,1578750.25,11150701.0,29.0,1.0,0.0,0.0,0.0,5120.0,4660.0,2.146519899368286,1.953668475151062,0.0,1460.0,296.75,483.5,233819.578125,0.0,0.0,0.0,215.0,489.0,0.0,0.0,0.0,0.0,297.25,51.6875,567.0,0.0,0.0,0.0,0.0,18.0,4034.0,0.0,27.0,0.0,270.0,21627.0,9520.0,91.0,20.0,0,0,0,0,1437770000000000.0,35070116.0,1437770000000000.0,1437770000000000.0,Non-Tor,Audio-Streaming,Standard,4,2915180897,177772555
34702,19305,6,119989873.0,3806.0,3298.0,268827.0,401430.0,186.0,0.0,70.625,52.71875,1460.0,0.0,121.75,184.25,5585.946407,59.20499641,16892.84375,16946.43359375,120588.0,12.0,119950508.0,31524.443359375,22810.771484375,121105.0,116.0,119951715.0,36382.078125,23155.181640625,154125.0,117.0,1.0,0.0,0.0,0.0,76120.0,65960.0,31.719343185424805,27.485652923583984,0.0,1460.0,94.3125,133.75,17889.7109375,0.0,0.0,0.0,4636.0,7104.0,0.0,0.0,0.0,0.0,94.375,70.625,121.75,0.0,0.0,0.0,0.0,4638.0,5587.0,0.0,37.0,0.0,56.0,2640.0,5292.0,2934.0,20.0,0,0,0,0,1437770000000000.0,34488504.0,1437770000000000.0,1437770000000000.0,Non-Tor,Audio-Streaming,Standard,4,177772555,2915189119
51379,443,6,104893178.0,5.0,6.0,0.0,154.0,0.0,0.0,0.0,0.0,85.0,0.0,25.671875,40.09375,1.468160303,0.104868593,10489318.0,18778672.0,45055611.0,25.0,104893066.0,26223266.0,22543350.0,45055987.0,113087.0,104891992.0,20978398.0,22768482.0,45055999.0,137.0,0.0,0.0,0.0,0.0,100.0,120.0,0.04766754060983658,0.05720105022192001,0.0,85.0,12.8359375,30.171875,909.9697265625,1.0,0.0,0.0,2.0,11.0,0.0,0.0,0.0,1.0,14.0,0.0,25.671875,0.0,0.0,0.0,0.0,0.0,0.0,0.0,0.0,0.0,14.0,2075.0,1594.0,0.0,20.0,0,0,0,0,1437770000000000.0,38747740.0,1437770000000000.0,1437770000000000.0,Non-Tor,Audio-Streaming,Standard,4,177772555,2915182821
34481,443,6,75076969.0,11.0,11.0,4756.0,340.0,1460.0,0.0,432.25,606.5,186.0,0.0,30.90625,60.0625,67.87700766,0.293032608,3575093.75,11424124.0,45119579.0,38.0,75076542.0,7507654.0,16038400.0,45119955.0,157.0,75076593.0,7507659.5,16038296.0,45120038.0,88.0,0.0,0.0,0.0,0.0,220.0,220.0,0.14651630818843842,0.14651630818843842,0.0,1460.0,221.625,459.75,211374.625,0.0,0.0,0.0,7.0,22.0,0.0,0.0,0.0,1.0,231.625,432.25,30.90625,0.0,0.0,0.0,0.0,9.0,5474.0,0.0,216.0,0.0,15.0,2640.0,2970.0,6.0,20.0,0,0,0,0,1437770000000000.0,18332040.0,1437770000000000.0,1437770000000000.0,Non-Tor,Audio-Streaming,Standard,4,177772555,2915180905
443,44097,6,94932123.0,12.0,11.0,2333.0,2543.0,835.0,0.0,194.375,262.0,1460.0,0.0,231.125,459.0,51.36301439,0.24227837,4315096.5,9715054.0,29620214.0,15.0,94932049.0,8630186.0,12547737.0,29620232.0,64.0,94932105.0,9493210.0,12878005.0,29620273.0,151.0,1.0,0.0,0.0,0.0,240.0,220.0,0.12640610337257385,0.11587226390838623,0.0,1460.0,206.75,354.25,125465.0,0.0,0.0,0.0,11.0,23.0,0.0,0.0,0.0,0.0,215.75,194.375,231.125,0.0,0.0,0.0,0.0,8.0,4200.0,0.0,101.0,0.0,110.0,2640.0,3346.0,7.0,20.0,0,0,0,0,1437770000000000.0,17685790.0,1437770000000000.0,1437770000000000.0,Non-Tor,Audio-Streaming,Standard,4,1249713341,177772555
41313,443,6,90884436.0,9.0,9.0,2911.0,1060.0,1460.0,0.0,323.5,604.5,498.0,0.0,117.75,215.375,43.69284968,0.198053713,5346143.5,14901966.0,44999353.0,10.0,90884040.0,11360505.0,20724658.0,44999607.0,133.0,90884177.0,11360522.0,20724644.0,44999749.0,10.0,0.0,0.0,0.0,0.0,180.0,180.0,0.09902685880661011,0.09902685880661011,0.0,1460.0,209.0,443.0,196164.78125,0.0,0.0,0.0,6.0,18.0,0.0,0.0,0.0,1.0,220.625,323.5,117.75,0.0,0.0,0.0,0.0,7.0,3927.0,0.0,161.0,0.0,58.0,14626.0,5386.0,4.0,20.0,0,0,0,0,1437770000000000.0,16598727.0,1437770000000000.0,1437770000000000.0,Non-Tor,Audio-Streaming,Standard,4,177772555,2915180918
46221,443,6,91408271.0,19.0,19.0,2051.0,5486.0,1429.0,0.0,107.9375,324.5,1460.0,0.0,288.75,461.25,82.45424531,0.415717304,2470493.75,10326618.0,45159625.0,11.0,91407814.0,5078212.0,14553640.0,45160102.0,162.0,91407792.0,5078210.5,14553632.0,45160082.0,168.0,0.0,0.0,0.0,0.0,392.0,392.0,0.20785865187644958,0.20785865187644958,0.0,1460.0,193.25,399.75,159803.828125,0.0,2.0,0.0,15.0,37.0,0.0,0.0,0.0,1.0,198.375,107.9375,288.75,0.0,0.0,0.0,0.0,16.0,6058.0,0.0,53.0,0.0,144.0,14600.0,1229.0,7.0,20.0,0,0,0,0,1437770000000000.0,18113472.0,1437770000000000.0,1437770000000000.0,Non-Tor,Audio-Streaming,Standard,4,177772555,2915182830
50953,5228,6,90112599.0,3.0,3.0,0.0,0.0,0.0,0.0,0.0,0.0,0.0,0.0,0.0,0.0,0.0,0.066583364,18022520.0,24677830.0,45055857.0,233.0,90112087.0,45056044.0,65.76093292236328,45056090.0,45055997.0,90112366.0,45056184.0,100.40916442871094,45056254.0,45056112.0,0.0,0.0,0.0,0.0,60.0,60.0,0.03329168260097504,0.03329168260097504,0.0,0.0,0.0,0.0,0.0,0.0,0.0,0.0,0.0,6.0,0.0,0.0,0.0,1.0,0.0,0.0,0.0,0.0,0.0,0.0,0.0,0.0,0.0,0.0,0.0,0.0,0.0,2373.0,1315.0,0.0,20.0,0,0,0,0,1437770000000000.0,36787690.0,1437770000000000.0,1437770000000000.0,Non-Tor,Audio-Streaming,Standard,4,177772555,1249740988
57361,443,6,118280966.0,296.0,305.0,169743.0,27048.0,1460.0,0.0,573.5,608.0,890.0,0.0,88.6875,180.5,1663.758816,5.081121843,197134.9375,667770.5,5060648.0,4.0,118280733.0,400951.625,913129.75,5061034.0,17.0,118280632.0,389081.03125,898612.0625,5061002.0,9.0,0.0,0.0,0.0,0.0,5920.0,6100.0,2.502516031265259,2.578605890274048,0.0,1460.0,329.25,508.75,258840.21875,0.0,0.0,0.0,236.0,601.0,0.0,0.0,0.0,1.0,329.75,573.5,88.6875,0.0,0.0,0.0,0.0,11.0,4714.0,0.0,282.0,0.0,45.0,21142.0,8323.0,215.0,20.0,0,0,0,0,1440000000000000.0,34881840.0,1437770000000000.0,1437770000000000.0,Non-Tor,Audio-Streaming,Standard,4,177772555,3627735182
443,56254,6,119877856.0,268.0,252.0,13122.0,133549.0,498.0,0.0,48.96875,76.0,1460.0,0.0,530.0,585.5,1223.503697,4.337748583,230978.53125,1036501.8125,10438823.0,5.0,119839339.0,448836.46875,1413832.5,10439167.0,5.0,119839420.0,477447.875,1455411.375,10439138.0,42.0,1.0,0.0,0.0,0.0,5360.0,5040.0,2.2356088161468506,2.102139711380005,0.0,1460.0,281.75,475.5,226201.46875,0.0,0.0,0.0,225.0,520.0,0.0,0.0,0.0,0.0,282.5,48.96875,530.0,0.0,0.0,0.0,0.0,15.0,4370.0,0.0,25.0,0.0,256.0,21627.0,9520.0,103.0,20.0,0,0,0,0,1437770000000000.0,35996560.0,1437770000000000.0,1437770000000000.0,Non-Tor,Audio-Streaming,Standard,4,2915180897,177772555
34702,19305,6,119997013.0,3743.0,3285.0,254501.0,468837.0,361.0,0.0,68.0,53.625,1460.0,0.0,142.75,196.0,6027.966713,58.56812452,17076.564453125,17350.849609375,120559.0,12.0,119997013.0,32067.615234375,23740.359375,134683.0,72.0,119940264.0,36522.61328125,23239.078125,133056.0,94.0,1.0,0.0,0.0,0.0,74860.0,65700.0,31.19244384765625,27.375680923461914,0.0,1460.0,102.9375,144.5,20890.828125,0.0,0.0,0.0,4554.0,7028.0,0.0,0.0,0.0,0.0,103.0,68.0,142.75,0.0,0.0,0.0,0.0,4555.0,6027.0,0.0,36.0,0.0,66.0,5292.0,5292.0,2805.0,20.0,0,0,0,0,1437770000000000.0,34484092.0,1437770000000000.0,1437770000000000.0,Non-Tor,Audio-Streaming,Standard,4,177772555,2915189119
443,44097,6,99685734.0,22.0,22.0,3963.0,4649.0,835.0,0.0,180.125,236.75,1460.0,0.0,211.375,446.25,86.39149911,0.44138713,2318273.0,6592200.0,27038682.0,12.0,99685667.0,4746936.5,8900553.0,27038682.0,12.0,99685631.0,4746935.0,8903134.0,27077600.0,55.0,1.0,0.0,0.0,0.0,440.0,440.0,0.22069355845451355,0.22069355845451355,0.0,1460.0,193.25,349.75,122307.65625,0.0,0.0,0.0,20.0,44.0,0.0,0.0,0.0,1.0,197.625,180.125,211.375,0.0,0.0,0.0,0.0,8.0,3517.0,0.0,90.0,0.0,105.0,2640.0,3346.0,14.0,20.0,0,0,0,0,1437770000000000.0,27092212.0,1437770000000000.0,1437770000000000.0,Non-Tor,Audio-Streaming,Standard,4,1249713341,177772555
34481,443,6,119776430.0,19.0,19.0,7704.0,680.0,1460.0,0.0,405.5,568.0,271.0,0.0,35.78125,76.0625,69.99707705,0.317257744,3237200.75,10629683.0,45048250.0,17.0,119775959.0,6654220.0,14669986.0,45048574.0,103.0,119775978.0,6654221.0,14669871.0,45048768.0,19.0,0.0,0.0,0.0,0.0,380.0,380.0,0.15862886607646942,0.15862886607646942,0.0,1460.0,215.0,437.0,190976.609375,0.0,0.0,0.0,13.0,38.0,0.0,0.0,0.0,1.0,220.625,405.5,35.78125,0.0,0.0,0.0,0.0,8.0,5636.0,0.0,202.0,0.0,17.0,2640.0,2970.0,11.0,20.0,0,0,0,0,1437770000000000.0,32405844.0,1437770000000000.0,1437770000000000.0,Non-Tor,Audio-Streaming,Standard,4,177772555,2915180905
54040,443,6,91414816.0,26.0,26.0,9306.0,6353.0,1460.0,0.0,358.0,573.5,1460.0,0.0,244.375,419.5,171.296084,0.568835581,1792447.375,8826570.0,45095758.0,9.0,91414378.0,3656575.0,12458376.0,45096035.0,47.0,91414472.0,3656579.0,12458424.0,45096196.0,9.0,0.0,0.0,0.0,0.0,532.0,532.0,0.2844177782535553,0.2844177782535553,0.0,1460.0,295.5,497.75,247777.640625,0.0,2.0,0.0,18.0,51.0,0.0,0.0,0.0,1.0,301.25,358.0,244.375,0.0,0.0,0.0,0.0,23.0,11928.0,0.0,178.0,0.0,122.0,14600.0,2221.0,13.0,20.0,0,0,0,0,1437770000000000.0,15474234.0,1437770000000000.0,1437770000000000.0,Non-Tor,Audio-Streaming,Standard,4,177772555,1089054045
44943,443,6,93048076.0,29.0,33.0,2345.0,7598.0,565.0,0.0,80.875,122.375,1460.0,0.0,230.25,381.25,106.8587383,0.666322214,1525378.25,8073030.0,45014231.0,16.0,93047879.0,3323138.5,11774579.0,45014705.0,55.0,93047666.0,2907739.5,11045190.0,45014428.0,57.0,0.0,0.0,0.0,0.0,592.0,672.0,0.3116668462753296,0.354655385017395,0.0,1460.0,157.875,296.25,87721.5,0.0,2.0,0.0,28.0,61.0,0.0,0.0,0.0,1.0,160.375,80.875,230.25,0.0,0.0,0.0,0.0,30.0,3284.0,0.0,37.0,0.0,122.0,14600.0,1400.0,15.0,20.0,0,0,0,0,1437770000000000.0,14407377.0,1437770000000000.0,1437770000000000.0,Non-Tor,Audio-Streaming,Standard,4,177772555,2915182823
41313,443,6,90112575.0,3.0,3.0,0.0,0.0,0.0,0.0,0.0,0.0,0.0,0.0,0.0,0.0,0.0,0.066583382,18022516.0,24677804.0,45055697.0,318.0,90112035.0,45056016.0,9.192388534545898,45056024.0,45056011.0,90112248.0,45056124.0,154.14927673339844,45056233.0,45056015.0,0.0,0.0,0.0,0.0,60.0,60.0,0.033291690051555634,0.033291690051555634,0.0,0.0,0.0,0.0,0.0,0.0,0.0,0.0,0.0,6.0,0.0,0.0,0.0,1.0,0.0,0.0,0.0,0.0,0.0,0.0,0.0,0.0,0.0,0.0,0.0,0.0,0.0,14626.0,5386.0,0.0,20.0,0,0,0,0,1437770000000000.0,36787692.0,1437770000000000.0,1437770000000000.0,Non-Tor,Audio-Streaming,Standard,4,177772555,2915180918
41313,443,6,14749400.0,4.0,3.0,0.0,154.0,0.0,0.0,0.0,0.0,85.0,0.0,51.34375,45.15625,10.44110269,0.474595577,2458233.25,5956432.0,14616524.0,35.0,14749400.0,4916466.5,8435009.0,14656232.0,736.0,14748343.0,7374171.5,10242233.0,14616524.0,131819.0,0.0,0.0,0.0,0.0,80.0,60.0,0.27119746804237366,0.20339810848236084,0.0,85.0,19.25,35.90625,1288.7857666015625,1.0,0.0,0.0,2.0,7.0,0.0,0.0,0.0,0.0,22.0,0.0,51.34375,0.0,0.0,0.0,0.0,0.0,0.0,0.0,0.0,0.0,22.0,14626.0,5386.0,0.0,20.0,0,0,0,0,1437770000000000.0,7310577.5,1437770000000000.0,1437770000000000.0,Non-Tor,Audio-Streaming,Standard,4,177772555,2915180918
57361,443,6,119332254.0,311.0,324.0,175405.0,27239.0,1460.0,0.0,564.0,607.0,821.0,0.0,84.0625,177.125,1698.149437,5.32127718,188221.21875,634229.875,4460816.0,4.0,119331876.0,384941.53125,868318.875,4461077.0,36.0,119331982.0,369448.875,850957.3125,4461082.0,7.0,0.0,0.0,0.0,0.0,6220.0,6480.0,2.606168746948242,2.7151083946228027,0.0,1460.0,321.0,505.25,255393.671875,0.0,0.0,0.0,253.0,635.0,0.0,0.0,0.0,1.0,321.5,564.0,84.0625,0.0,0.0,0.0,0.0,12.0,4503.0,0.0,276.0,0.0,42.0,21142.0,8323.0,223.0,20.0,0,0,0,0,1437770000000000.0,34475636.0,1437770000000000.0,1437770000000000.0,Non-Tor,Audio-Streaming,Standard,4,177772555,3627735182
443,56254,6,119701082.0,256.0,244.0,11320.0,125723.0,308.0,0.0,44.21875,62.65625,1460.0,0.0,515.5,588.5,1144.876869,4.177071683,239881.921875,1156367.875,9574056.0,8.0,119701082.0,469416.0,1585739.0,9574490.0,8.0,119700808.0,492595.90625,1623823.625,9574317.0,25.0,1.0,0.0,0.0,0.0,5120.0,4880.0,2.1386606693267822,2.0384109020233154,0.0,1460.0,273.75,475.0,225659.546875,0.0,0.0,0.0,215.0,500.0,0.0,0.0,0.0,0.0,274.25,44.21875,515.5,0.0,0.0,0.0,0.0,19.0,4450.0,0.0,22.0,0.0,251.0,21627.0,9520.0,103.0,20.0,0,0,0,0,1437770000000000.0,34514404.0,1437770000000000.0,1437770000000000.0,Non-Tor,Audio-Streaming,Standard,4,2915180897,177772555
50953,5228,6,90112443.0,3.0,3.0,0.0,0.0,0.0,0.0,0.0,0.0,0.0,0.0,0.0,0.0,0.0,0.06658348,18022488.0,24677790.0,45056571.0,264.0,90112006.0,45056004.0,1418.4561767578125,45057006.0,45055000.0,90112008.0,45056004.0,1175.21142578125,45056835.0,45055173.0,0.0,0.0,0.0,0.0,60.0,60.0,0.033291738480329514,0.033291738480329514,0.0,0.0,0.0,0.0,0.0,0.0,0.0,0.0,0.0,6.0,0.0,0.0,0.0,1.0,0.0,0.0,0.0,0.0,0.0,0.0,0.0,0.0,0.0,0.0,0.0,0.0,0.0,2373.0,1315.0,0.0,20.0,0,0,0,0,1437770000000000.0,36787680.0,1437770000000000.0,1437770000000000.0,Non-Tor,Audio-Streaming,Standard,4,177772555,1249740988
34702,19305,6,119992621.0,3589.0,3163.0,218073.0,415840.0,192.0,0.0,60.75,53.28125,1460.0,0.0,131.5,192.75,5282.93319,56.27012681,17774.05078125,18610.75,147895.0,4.0,119992621.0,33442.7578125,24744.22265625,148398.0,157.0,119815670.0,37892.3671875,24694.30078125,148468.0,136.0,1.0,0.0,0.0,0.0,71780.0,63260.0,29.910173416137695,26.359954833984375,0.0,1460.0,93.875,142.0,20154.224609375,0.0,0.0,0.0,4252.0,6752.0,0.0,0.0,0.0,0.0,93.9375,60.75,131.5,0.0,0.0,0.0,0.0,4254.0,5282.0,0.0,32.0,0.0,61.0,5292.0,5960.0,2555.0,20.0,0,0,0,0,1437770000000000.0,34251210.0,1437770000000000.0,1437770000000000.0,Non-Tor,Audio-Streaming,Standard,4,177772555,2915189119
46221,443,6,110697866.0,14.0,13.0,2654.0,632.0,1189.0,0.0,189.625,424.5,165.0,0.0,48.625,67.25,29.68440241,0.243907141,4257610.0,12551946.0,45055572.0,23.0,110657618.0,8512124.0,17000570.0,45055967.0,381.0,110697471.0,9224789.0,17561280.0,45056049.0,660.0,0.0,0.0,0.0,0.0,280.0,260.0,0.12647037208080292,0.11743677407503128,0.0,1189.0,117.375,307.0,94289.203125,0.0,0.0,0.0,11.0,27.0,0.0,0.0,0.0,0.0,121.6875,189.625,48.625,0.0,0.0,0.0,0.0,5.0,4331.0,0.0,98.0,0.0,23.0,2257.0,1594.0,6.0,20.0,0,0,0,0,1437770000000000.0,33476922.0,1437770000000000.0,1437770000000000.0,Non-Tor,Audio-Streaming,Standard,4,177772555,2915182830
54040,443,6,104706269.0,4.0,4.0,0.0,154.0,0.0,0.0,0.0,0.0,154.0,0.0,38.5,77.0,1.470781086,0.076404212,14958038.0,21239760.0,45055600.0,409.0,104706269.0,34902088.0,17587134.0,45056071.0,14594217.0,104704907.0,34901636.0,17587874.0,45056009.0,14592909.0,0.0,0.0,0.0,0.0,80.0,80.0,0.038202106952667236,0.038202106952667236,0.0,154.0,17.109375,51.34375,2635.111083984375,1.0,0.0,0.0,1.0,8.0,0.0,0.0,0.0,1.0,19.25,0.0,38.5,0.0,0.0,0.0,0.0,0.0,0.0,0.0,0.0,0.0,19.0,2622.0,2221.0,0.0,20.0,0,0,0,0,1437770000000000.0,41552224.0,1437770000000000.0,1437770000000000.0,Non-Tor,Audio-Streaming,Standard,4,177772555,1089054045
44943,443,6,104976853.0,4.0,4.0,0.0,154.0,0.0,0.0,0.0,0.0,154.0,0.0,38.5,77.0,1.466990061,0.076207276,14996693.0,21239228.0,45055605.0,370.0,104976853.0,34992284.0,17430910.0,45056037.0,14864803.0,104975369.0,34991788.0,17431704.0,45056003.0,14863391.0,0.0,0.0,0.0,0.0,80.0,80.0,0.03810363635420799,0.03810363635420799,0.0,154.0,17.109375,51.34375,2635.111083984375,1.0,0.0,0.0,1.0,8.0,0.0,0.0,0.0,1.0,19.25,0.0,38.5,0.0,0.0,0.0,0.0,0.0,0.0,0.0,0.0,0.0,19.0,2640.0,1400.0,0.0,20.0,0,0,0,0,1437770000000000.0,41630000.0,1437770000000000.0,1437770000000000.0,Non-Tor,Audio-Streaming,Standard,4,177772555,2915182823
443,44097,6,101859608.0,15.0,15.0,3271.0,2543.0,758.0,0.0,218.125,249.375,1460.0,0.0,169.5,402.25,57.07856249,0.294523026,3512400.25,8426778.0,28441212.0,20.0,101859586.0,7275684.5,11118949.0,28480227.0,88.0,101859523.0,7275680.0,11118214.0,28441232.0,105.0,1.0,0.0,0.0,0.0,300.0,300.0,0.14726151525974274,0.14726151525974274,0.0,1460.0,190.25,324.75,105477.34375,0.0,0.0,0.0,14.0,30.0,0.0,0.0,0.0,1.0,196.625,218.125,169.5,0.0,0.0,0.0,0.0,9.0,4614.0,0.0,109.0,0.0,84.0,2640.0,3346.0,10.0,20.0,0,0,0,0,1437770000000000.0,22448732.0,1437770000000000.0,1437770000000000.0,Non-Tor,Audio-Streaming,Standard,4,1249713341,177772555
45235,443,6,100264556.0,17.0,19.0,2313.0,5646.0,1349.0,0.0,136.0,322.0,1460.0,0.0,297.25,507.25,79.37999546,0.359050111,2864701.5,10634616.0,45119461.0,0.0,100264185.0,6266511.5,15284518.0,45119979.0,21.0,100264149.0,5570230.5,14499595.0,45119832.0,23.0,0.0,0.0,0.0,0.0,352.0,392.0,0.16955144703388214,0.1894986629486084,0.0,1460.0,215.125,427.25,182504.4375,0.0,2.0,0.0,14.0,35.0,0.0,0.0,0.0,1.0,221.125,136.0,297.25,0.0,0.0,0.0,0.0,13.0,5080.0,0.0,64.0,0.0,156.0,14600.0,1398.0,9.0,20.0,0,0,0,0,1437770000000000.0,20869836.0,1440000000000000.0,1437770000000000.0,Non-Tor,Audio-Streaming,Standard,4,177772555,2915201193
34481,443,6,104082143.0,25.0,26.0,12428.0,951.0,1460.0,0.0,497.0,616.0,271.0,0.0,36.5625,72.625,128.542703,0.489997597,2081642.875,8938196.0,45072853.0,7.0,104081638.0,4336735.0,12649347.0,45073152.0,71.0,104081698.0,4163268.0,12413210.0,45073130.0,7.0,0.0,0.0,0.0,0.0,500.0,520.0,0.2401949018239975,0.24980269372463226,0.0,1460.0,285.25,511.75,261885.328125,0.0,0.0,0.0,19.0,51.0,0.0,0.0,0.0,1.0,291.0,497.0,36.5625,0.0,0.0,0.0,0.0,8.0,4848.0,0.0,243.0,0.0,18.0,2640.0,2970.0,16.0,20.0,0,0,0,0,1437770000000000.0,29505482.0,1437770000000000.0,1437770000000000.0,Non-Tor,Audio-Streaming,Standard,4,177772555,2915180905
57361,443,6,116323317.0,306.0,312.0,164774.0,26265.0,1460.0,0.0,538.5,606.0,890.0,0.0,84.1875,178.0,1642.310458,5.312778349,188530.5,661103.875,4322399.0,5.0,116322905.0,381386.5625,904671.3125,4322610.0,16.0,116322992.0,374028.90625,894169.375,4322834.0,5.0,0.0,0.0,0.0,0.0,6120.0,6240.0,2.630599021911621,2.6821794509887695,0.0,1460.0,311.0,501.0,250952.5,0.0,0.0,0.0,245.0,618.0,0.0,0.0,0.0,1.0,311.5,538.5,84.1875,0.0,0.0,0.0,0.0,12.0,5101.0,0.0,266.0,0.0,42.0,21142.0,8323.0,208.0,20.0,0,0,0,0,1437770000000000.0,34063292.0,1437770000000000.0,1437770000000000.0,Non-Tor,Audio-Streaming,Standard,4,177772555,3627735182
443,56254,6,119835500.0,244.0,233.0,11398.0,113822.0,485.0,0.0,46.71875,70.5625,1460.0,0.0,488.5,586.0,1044.932428,3.980456543,251755.25,1183616.625,9561805.0,7.0,119835500.0,493150.21875,1622754.0,9562072.0,10.0,119797606.0,516369.0,1658990.375,9562072.0,29.0,1.0,0.0,0.0,0.0,4880.0,4660.0,2.0361244678497314,1.9443320035934448,0.0,1460.0,262.0,467.25,218264.390625,0.0,0.0,0.0,207.0,477.0,0.0,0.0,0.0,0.0,262.75,46.71875,488.5,0.0,0.0,0.0,0.0,18.0,4492.0,0.0,23.0,0.0,238.0,21627.0,9520.0,104.0,20.0,0,0,0,0,1437770000000000.0,32811220.0,1437770000000000.0,1437770000000000.0,Non-Tor,Audio-Streaming,Standard,4,2915180897,177772555
34702,19305,6,119986378.0,3367.0,3093.0,132544.0,572821.0,293.0,0.0,39.375,43.375,1460.0,0.0,185.25,223.625,5878.708998,53.83944501,18576.619140625,19231.91796875,121768.0,15.0,119986378.0,35646.578125,27414.470703125,123541.0,104.0,119904349.0,38778.8984375,25037.1875,153032.0,23.0,1.0,0.0,0.0,0.0,67340.0,61860.0,28.061519622802734,25.777925491333008,0.0,1460.0,109.1875,173.875,30229.126953125,0.0,0.0,0.0,3836.0,6460.0,0.0,0.0,0.0,0.0,109.25,39.375,185.25,0.0,0.0,0.0,0.0,3837.0,5878.0,0.0,20.0,0.0,88.0,5960.0,5960.0,2014.0,20.0,0,0,0,0,1437770000000000.0,34673564.0,1437770000000000.0,1437770000000000.0,Non-Tor,Audio-Streaming,Standard,4,177772555,2915189119
50953,5228,6,90112991.0,3.0,3.0,0.0,0.0,0.0,0.0,0.0,0.0,0.0,0.0,0.0,0.0,0.0,0.066583075,18022598.0,24678046.0,45056329.0,264.0,90112704.0,45056352.0,466.69049072265625,45056682.0,45056022.0,90112727.0,45056364.0,357.08892822265625,45056616.0,45056111.0,0.0,0.0,0.0,0.0,60.0,60.0,0.0332915373146534,0.0332915373146534,0.0,0.0,0.0,0.0,0.0,0.0,0.0,0.0,0.0,6.0,0.0,0.0,0.0,1.0,0.0,0.0,0.0,0.0,0.0,0.0,0.0,0.0,0.0,0.0,0.0,0.0,0.0,2373.0,1315.0,0.0,20.0,0,0,0,0,1437770000000000.0,36787960.0,1437770000000000.0,1437770000000000.0,Non-Tor,Audio-Streaming,Standard,4,177772555,1249740988